Month,Day,Year,BLUE MESA unregulated inflow,CRYSTAL unregulated inflow,FLAMING GORGE unregulated inflow,FONTENELLE inflow,LAKE POWELL unregulated inflow,MORROW POINT unregulated inflow,NAVAJO unregulated inflow,TAYLOR PARK inflow,VALLECITO inflow
8,1,1962,,,,,,,,,
9,1,1962,,,,,,,,,
10,1,1962,,,,,,,,,
11,1,1962,,,,,,,,,
12,1,1962,,,,,,,,,
1,1,1963,,,,,,,,,
2,1,1963,,,,,,,,,
3,1,1963,,,,,,,,,
4,1,1963,,,,,10097.40452,,,,
5,1,1963,,,,,18579.80551,,,,
6,1,1963,,,,,19326.21155,,,,
7,1,1963,,,,,6200.101372,,,,
8,1,1963,,,,,5486.800714,,,,
9,1,1963,,,,,7959.700334,,,,
10,1,1963,,,957.0775445,,4651.591875,,,68.23685098,
11,1,1963,,,860.7346427,,5928.501279,,,69.24355507,
12,1,1963,,,542.8656101,,4429.167742,,,44.38726039,
1,1,1964,,,453.3396608,,4280.693641,,,42.68507127,
2,1,1964,,,538.4985761,,4411.200669,,,43.5249622,
3,1,1964,,,679.9727331,,4682.907469,,,50.4481953,
4,1,1964,,,1949.124343,,8504.497942,,,80.74375127,
5,1,1964,,,4293.613568,,26853.60451,,,427.0657034,
6,1,1964,,,7845.016521,,37636.88359,,,490.3861104,
7,1,1964,,,5784.054565,,18048.46666,,,196.0427647,
8,1,1964,,,1389.1448,,10160.05445,,,154.9409951,
9,1,1964,,,654.1078895,,4802.258619,,,68.19183216,
10,1,1964,,,567.2471516,,4589.279056,,,67.54254273,
11,1,1964,,,600.7226668,,5916.633809,,,64.00237528,
12,1,1964,,,754.8603203,,6521.448602,,,71.18581304,
1,1,1965,,,779.725899,,6672.429307,,,72.40872918,
2,1,1965,,,1206.133396,,6913.820583,,,66.8343307,
3,1,1965,,,1180.694046,,7047.601073,,,58.96764768,
4,1,1965,,,3208.794894,,19261.81984,,,76.30646474,
5,1,1965,,,5926.758928,,44703.33102,,,455.372789,
6,1,1965,,,15469.37505,,72095.94087,,,1043.63712,
7,1,1965,,,9163.480701,,51418.02915,,,816.5007511,
8,1,1965,,,3562.211232,,19946.04201,,,336.2502983,
9,1,1965,,,1948.095671,,13528.4575,,,189.6966356,
10,1,1965,,,1869.452014,,14296.08623,,,162.4016497,
11,1,1965,,,1356.920093,990.8187937,11430.87011,,,118.2789942,
12,1,1965,,,830.5682411,657.667571,9970.443677,,,111.4551296,
1,1,1966,,,826.3217143,646.4057406,8143.262152,,,77.38798228,
2,1,1966,,,774.6223709,553.3948825,7367.970988,,,81.85412652,
3,1,1966,,,1733.207009,678.8507165,14972.79465,,,71.26302264,
4,1,1966,,,3174.876903,1905.290949,19001.70922,,,171.0630447,
5,1,1966,,,3717.92603,2525.35867,29652.4964,,,490.3696176,
6,1,1966,,,3071.084132,2795.812176,21291.29818,,,408.4806793,
7,1,1966,,,1453.707241,1364.095104,7994.726572,,,199.2727555,
8,1,1966,,,889.8531429,870.7299874,4547.045715,,,125.7457645,
9,1,1966,,,748.4216026,683.3587053,4219.672414,,,83.94779278,
10,1,1966,,,832.1449194,573.547311,5629.049276,,,90.85339346,
11,1,1966,,,735.9141303,568.7102277,5936.138737,,,61.92173654,
12,1,1966,,,523.4710613,454.8899077,6249.573291,,,66.26709495,
1,1,1967,,,481.9957444,425.4459665,4993.229174,,,66.06815117,
2,1,1967,,,675.0661184,501.5495414,5624.364316,,,64.77545493,
3,1,1967,,,1265.274914,672.4532971,8468.966454,,,65.58472049,
4,1,1967,,,1698.07657,1050.891054,8367.436599,,,156.858639,
5,1,1967,,,3667.105059,2233.544265,17513.99351,,,442.0764057,
6,1,1967,,,11080.6172,7698.659662,45786.16545,,,634.0489004,
7,1,1967,,,7913.812509,6309.112208,26544.66385,,,295.0021692,
8,1,1967,,,1623.231459,1354.301449,9696.092574,,,132.2541873,
9,1,1967,,,906.1654141,817.8602313,6629.233146,,,165.2963793,
10,1,1967,,,929.7232358,894.4184344,5623.374911,,,95.02494775,
11,1,1967,,,859.2437751,749.0823227,6454.9832,,,64.40897929,
12,1,1967,,,584.9661822,533.0559094,4857.449889,,,67.40436228,
1,1,1968,,,556.5024806,527.9674184,5083.711435,,,73.81752685,
2,1,1968,,,820.1788302,537.7236045,5903.882631,,,66.20611276,
3,1,1968,,,1292.930367,760.85729,7529.628274,,,72.4348454,
4,1,1968,,,1813.034333,1149.393523,9760.94068,,,78.46036364,
5,1,1968,,,2255.313851,1524.80214,25131.94564,,,345.3210626,
6,1,1968,,,9517.734335,6327.084447,62924.48694,,,746.1086639,
7,1,1968,,,3211.555726,2697.063833,19754.92679,,,269.8896086,
8,1,1968,,,2664.847062,2242.630567,17870.80541,,,304.6091333,
9,1,1968,,,1664.54927,1374.772449,6482.838164,,,129.9540897,
10,1,1968,,,1271.912608,1083.102391,6722.950464,,,75.71324465,
11,1,1968,,,919.1252788,760.668411,7406.580671,,,84.79173622,
12,1,1968,,,611.5352045,563.026201,5945.884422,,,64.44498671,
1,1,1969,,,649.1248744,610.7049419,7122.945229,,,75.25657112,
2,1,1969,,,747.721036,662.9355821,7248.684095,,,75.90578106,
3,1,1969,,,1604.178015,793.3304577,8262.05917,,,64.24173712,
4,1,1969,,,5018.281813,3008.858898,27027.54101,,,184.9701169,
5,1,1969,,,6247.642006,4661.533557,44828.07958,,,584.9239738,
6,1,1969,,,6337.386395,4959.63589,39835.66183,,,666.5269002,
7,1,1969,,,2734.187598,2340.060837,23855.34521,,,419.3779194,
8,1,1969,,,1327.182177,1162.201709,8435.921837,,,181.3860387,
9,1,1969,,,627.2531787,672.0165693,9185.588811,,,126.9474703,
10,1,1969,992.822874,,983.8958357,721.8933265,12252.0592,,,142.8128039,303.44
11,1,1969,580.3714568,,717.9525148,629.9209797,9871.63985,,,102.0321925,135.1
12,1,1969,447.6232859,,461.9701557,452.5663258,7444.602965,,,88.70270514,59.85
1,1,1970,431.8899486,,599.8211324,397.1328755,5884.304546,,,88.5861905,53.36
2,1,1970,468.4462386,,758.409853,489.35772,6362.13238,,,78.67324938,62.92
3,1,1970,590.4319705,,962.1081564,560.6561416,6442.231013,,,61.62930522,111.73
4,1,1970,1168.22361,,1420.596059,732.2645027,8413.410672,,,35.93834279,235.56
5,1,1970,6858.01729,,3358.107675,1892.528558,43821.86834,,,829.7837328,1298.09
6,1,1970,5339.416014,,7596.833029,5161.419301,55814.44464,,,848.0495544,626.77
7,1,1970,2253.218121,,3084.558299,2468.524297,24743.842,,,391.1609507,153.25
8,1,1970,1316.712153,,1031.684393,961.1394713,8470.658393,,,193.8678887,176.89
9,1,1970,1826.67148,,995.8770265,820.5831537,17765.06366,,,279.5376561,279.34
10,1,1970,996.6123317,,896.036435,635.8340281,10352.8783,,721.5780645,185.0858125,146.58
11,1,1970,756.0064921,,960.3254503,654.4027893,9652.524966,,611.0496667,119.4767146,88.67
12,1,1970,539.9476835,,566.0281323,468.7738765,7734.331066,,405.7383871,86.90573723,88.56
1,1,1971,549.4928252,,1102.530559,533.0460658,7547.241497,,491.0509677,99.51361958,83.09
2,1,1971,518.9921094,,1204.64002,599.8289218,9095.342224,,682.7253571,84.8223877,77.53
3,1,1971,899.6943554,,1728.465118,767.2887903,8270.784321,,893.6551613,94.82786535,399.3
4,1,1971,1841.544567,,3402.300749,1522.9993,19885.098,,1405.95,235.0370443,270.55
5,1,1971,2539.435493,,7426.663917,4207.849039,30965.14481,,1496.923548,323.8931368,762.97
6,1,1971,4850.513564,,13307.60454,10125.46336,55611.90434,,1769.946333,794.0003286,534.65
7,1,1971,2203.03578,,5767.401871,4495.795959,29014.04748,,293.1848387,404.6671842,265.28
8,1,1971,1111.501966,,1864.022497,1731.367162,8874.876207,,265.14,200.5748916,285.96
9,1,1971,797.1251697,,1093.077416,1095.15781,8310.359068,,144.937,140.8144211,195.03
10,1,1971,698.6155493,,1424.92672,1049.774631,9560.905872,765.6819658,757.4329032,136.7912615,214.19
11,1,1971,611.2265865,,1288.054602,860.920281,9396.355547,665.1576491,552.6313333,90.56410294,116.42
12,1,1971,507.2732031,,797.3785476,596.9272903,7926.287093,566.4247326,511.9167742,92.91896943,104.62
1,1,1972,474.2939181,,1019.574577,639.6931045,7868.165853,539.3820898,455.0716129,80.3682059,70.79
2,1,1972,404.561637,,1330.366788,721.1132479,8070.308281,516.5893088,579.7851724,72.50264148,84.78
3,1,1972,887.7800551,,3103.876345,1447.640446,12507.62816,975.0160244,1075.655806,86.23897872,180.41
4,1,1972,1134.153216,,3583.268515,2052.942084,10370.00281,1241.224786,1207.456667,185.8786662,971.67
5,1,1972,2391.532742,,7017.928127,4917.572176,21693.68393,2518.625172,1821.889677,431.5554741,1102.36
6,1,1972,3621.265503,,15820.924,12419.56539,47067.45612,3755.456837,1222.815667,700.0286743,311.56
7,1,1972,875.3308852,,4397.339412,3900.768139,12077.32819,898.1278331,-113.8577419,190.5750485,98.05
8,1,1972,498.0295303,,2042.642797,1835.109349,5059.748413,511.4598587,-144.6777419,102.9520543,123.65
9,1,1972,449.4143571,,1330.855384,1209.932051,6184.398568,482.4754138,156.644,118.213793,71.71
10,1,1972,675.5608678,,1451.818082,1100.536207,15929.19668,713.061045,2532.503226,122.867097,423.16
11,1,1972,545.5410986,,1279.765705,876.5809983,11407.80588,597.094503,1074.732,83.920667,150.09
12,1,1972,487.7920737,,923.2685911,651.8377432,7343.178903,497.5247866,552.5429032,80.616452,121.7
1,1,1973,394.6213674,,1016.735635,595.6097858,6702.431055,426.2449836,536.3954839,72.192581,122.03
2,1,1973,379.6728041,,1008.912125,542.9866807,8329.25463,416.0505936,676.6067857,69.814643,97.14
3,1,1973,472.6457109,,1493.631042,603.3491771,12515.18228,523.134442,1856.948387,61.345806,131.08
4,1,1973,737.2874192,,4247.541341,1643.530928,19428.19607,865.0079616,3661.253333,80.473667,716.64
5,1,1973,3633.499026,,6490.124884,3267.223734,61747.06544,4154.922033,7980.676129,411.264194,1771.61
6,1,1973,5598.408218,,5616.550574,3785.062125,66833.62336,6158.138073,7583.503,764.784,2546.91
7,1,1973,2903.363202,,4118.883526,2306.129132,37944.80982,3055.50996,2874.443871,417.748387,404.71
8,1,1973,1107.684442,,1740.004016,1161.030558,11119.60711,1155.865372,769.9245161,160.142258,430.25
9,1,1973,551.9464754,,1998.348509,1257.331344,8684.468116,591.0188835,627.5593333,109.965,152.12
10,1,1973,445.4007478,,1218.272949,842.8324068,8110.706471,475.3973343,481.6806452,84.25874821,81.21
11,1,1973,363.2270457,,1197.596495,885.47996,8420.655824,423.1572393,457.531,67.69881318,61.32
12,1,1973,405.7539612,,873.8653749,616.9167723,7370.514366,462.9130486,403.4012903,67.06451613,60.16
1,1,1974,445.9350137,,836.0601999,584.8513774,6753.882978,518.2909282,402.8674194,75.72925543,60.3
2,1,1974,375.7194627,,947.4173204,606.2305621,7312.846204,486.8507354,368.0646429,65.82142857,61.1
3,1,1974,631.5995565,,2323.228472,998.1917094,11989.25302,757.7187113,1031.138387,61.52821215,160.11
4,1,1974,1116.548821,,2906.302047,1812.258737,12577.33457,1305.779058,1047.303333,123.7347926,373.88
5,1,1974,3969.998409,,6120.984445,3725.900343,43286.97504,4467.436572,2139.41871,557.3959498,855.18
6,1,1974,2992.91518,,10056.78392,8233.649561,42096.99945,3261.7906,636.476,449.7250814,226.29
7,1,1974,1023.423751,,3591.300658,3247.755733,16266.30909,1063.496517,303.6980645,165.7729813,226.68
8,1,1974,703.4347979,,1139.633647,1240.614118,5921.020725,717.7038376,181.0841935,90.4811426,95.41
9,1,1974,218.6970888,,539.3554272,608.7942953,3551.574447,223.2867194,-35.23633333,52.45374409,87.89
10,1,1974,386.2785087,,643.002613,586.7651274,5696.730051,415.5228128,396.9229032,70.96,189.27
11,1,1974,459.9641265,,670.316755,590.8002093,8211.065954,520.0199657,450.406,69.676667,87.93
12,1,1974,350.0198203,,335.8371013,353.1564268,5463.316143,415.9872959,211.5993548,55.670968,66.88
1,1,1975,377.8988645,,557.9181903,407.3972219,6174.449819,437.3438851,181.0506452,56.881935,82.82
2,1,1975,351.2380515,,670.5705196,466.7981804,6553.3844,405.64462,297.3353571,55.725357,65.38
3,1,1975,406.1927593,,1170.671808,635.66182,9126.030435,468.5032945,1113.176452,56.944839,86.71
4,1,1975,937.9865123,,1541.396149,1013.184572,11977.44251,1072.2724,3239.951333,72.298333,335.87
5,1,1975,3142.560724,,4302.590177,2297.69714,34846.67632,3555.719434,5413.288065,304.028065,1343.97
6,1,1975,5848.252393,,9294.396945,5282.229054,63701.37677,6262.117642,6947.12,673.531,2170.52
7,1,1975,4112.954172,,10555.12075,7482.86275,53788.4398,4348.692355,3412.193226,488.624194,561.85
8,1,1975,1226.180729,,2122.885488,1721.981796,11620.36451,1261.355581,301.5964516,158.609032,282.34
9,1,1975,466.2999328,,950.3312473,807.8715397,6970.998469,496.3056433,398.436,82.096,121.06
10,1,1975,416.7197052,,963.674281,802.6419229,6239.654063,454.8856446,239.4045161,80.41,18.06
11,1,1975,488.7968312,,870.3624661,753.5481673,8031.991695,527.9388608,373.1903333,73.537667,43.18
12,1,1975,407.01306,,882.7241526,729.8409323,7028.184608,456.0788751,349.8280645,59.307097,81.33
1,1,1976,399.3628456,,681.0946824,517.8164765,5574.591672,476.6805558,325.1293548,55.487419,54.84
2,1,1976,376.7684612,,985.8006599,532.6513086,7760.24128,500.5655425,586.8644828,56.633103,76.57
3,1,1976,445.8896569,,1527.504594,637.3899706,8870.342802,518.8396391,937.5725806,56.454194,127.37
4,1,1976,1144.474821,,3217.706571,2219.910591,11135.75006,1259.766883,1626.345333,119.348333,493.21
5,1,1976,2525.996081,,7047.229991,5230.595698,28759.89957,2727.887325,3562.333871,431.534194,1632.73
6,1,1976,3126.490148,,7212.498064,6150.762587,34484.58205,3269.317233,2995.765333,578.788333,489.04
7,1,1976,1120.901375,,3843.544696,3548.485479,13251.01376,1150.77106,553.433871,241.71129,195.06
8,1,1976,831.1829398,,2097.248632,1831.238687,6854.389552,880.5931084,398.53,142.954516,191.13
9,1,1976,473.3213681,,1089.27986,899.1478633,5337.668612,492.3939836,712.7976667,112.103667,351.56
10,1,1976,479.0379859,,784.2433963,751.8469016,6603.172637,511.3911986,527.8732258,87.26149143,97.75662231
11,1,1976,373.7000225,,634.3911117,623.1979107,6392.606122,415.0513655,311.6913333,61.41192309,27.87620544
12,1,1976,248.706308,,426.6178148,456.8429003,4760.000312,294.8829974,250.9409677,30.85561792,37.76898956
1,1,1977,206.6392198,,395.735093,424.1166403,4423.58794,256.5378861,288.0109677,36.82160913,46.51633835
2,1,1977,285.6804539,,621.3431654,416.7508682,4777.239499,317.3460868,317.3725,46.23903433,48.81414032
3,1,1977,323.1830292,,762.5076694,522.0412061,4036.516212,337.3708384,348.656203,45.19976384,50.78755951
4,1,1977,728.4538045,,1228.875373,799.8273957,4067.414883,778.486788,559.6440745,140.1274055,289.4823303
5,1,1977,766.4595919,,462.5098343,328.89873,5337.94191,824.2943873,518.265781,218.7653724,403.21875
6,1,1977,891.0224885,,1582.098735,1590.371529,7357.401109,924.1926122,347.0985105,181.0203704,136.4968719
7,1,1977,388.835121,,953.0061913,827.3667497,4380.526442,418.7398876,292.5538668,72.36382337,190.1571808
8,1,1977,370.8430017,,820.5420346,683.5291632,4497.830001,400.8841171,611.9742705,55.94211751,161.787796
9,1,1977,246.3935974,,628.6273271,581.3917643,4003.2456,262.1900282,392.7065389,43.70122498,95.40724182
10,1,1977,327.0352636,424.8670681,658.9178596,522.7512294,4241.42248,357.3631246,61.44709384,56.08105309,80.71905518
11,1,1977,363.4302498,485.3734519,630.5219096,524.9834247,4986.928345,401.2326452,308.8314804,43.82582086,63.35599136
12,1,1977,329.6196684,439.2885508,505.6459549,531.8570619,4511.654642,363.6170228,237.4018574,44.33336602,67.34457397
1,1,1978,363.2353404,463.0499102,656.2414219,468.0485071,4732.052809,394.1778574,207.90157,58.32073781,66.48228455
2,1,1978,251.8091179,384.8459982,740.700051,476.5488354,5240.198434,305.0238704,219.6413719,61.44286796,65.39514923
3,1,1978,493.1625609,659.175757,1572.378969,793.5062803,8638.131922,559.5678399,1044.281733,45.72145554,208.1769257
4,1,1978,1367.066927,1773.227193,2490.935127,1641.976037,17424.65762,1562.023854,2102.711186,100.4993326,547.0535278
5,1,1978,3032.629475,3827.137963,4490.308266,2878.733144,33983.99484,3382.213222,3182.534333,307.1597913,1537.689331
6,1,1978,6544.158279,8024.018979,10264.0055,8014.272055,62521.99873,7106.505364,3664.098478,856.0623861,699.9312134
7,1,1978,2495.875255,2995.361514,5846.283931,5570.684321,29784.01319,2650.716016,447.1006661,309.1687076,181.4899902
8,1,1978,745.2182664,873.1960034,2193.661832,1963.545962,6591.046463,784.8913793,-161.6906042,107.7814613,106.7992325
9,1,1978,227.4499806,322.2266632,1168.747077,1051.561374,4524.90978,256.8307464,-100.01017,73.11773987,88.26113892
10,1,1978,324.3576566,403.6875455,774.7216556,756.0331042,5128.775514,348.9499221,183.4334255,48.218065,70.380323
11,1,1978,442.5885199,582.7214673,654.7529873,645.7276867,8013.055235,486.0297317,497.0150492,56.184,114.342
12,1,1978,376.5702689,443.784872,470.284479,553.9494765,6266.973557,397.4068057,366.4853442,65.408065,94.080323
1,1,1979,420.2484471,459.6063596,513.0483685,493.6434929,5828.493208,432.4493931,390.301904,82.131613,94.273548
2,1,1979,399.6826215,610.8832554,616.830844,514.8583911,6524.826624,484.1628506,431.4301028,73.635,86.065714
3,1,1979,424.8167332,669.5227616,1405.691565,675.1150648,11627.51957,522.6991713,1783.257324,54.270645,119.559677
4,1,1979,1412.150863,1812.834993,2329.859638,1517.924353,27537.09878,1604.479235,6043.936344,125.831,445.787333
5,1,1979,4425.728633,5487.553574,4098.707857,3092.313253,51441.34383,4892.931567,8394.739596,560.10871,1754.553548
6,1,1979,6626.820431,7868.652205,4257.014104,3561.193962,72154.68617,7098.716525,8645.357454,1028.492,2710.467
7,1,1979,2984.604265,3288.485469,1615.206656,1545.412138,32676.12468,3078.807497,3720.20194,456.678065,1152.614194
8,1,1979,1125.116752,1214.115944,1330.903454,1158.966434,9366.207564,1152.706514,883.7394665,182.189032,430.241935
9,1,1979,419.478862,467.9239717,605.2043916,620.5876157,5537.533836,434.4968421,77.05296124,81.359667,151.717
10,1,1979,424.2466726,467.2837014,631.6197868,621.3986968,5474.82375,437.5881451,107.4421445,64.61871,78.47024536
11,1,1979,469.4812202,552.889456,525.4804807,474.455088,7059.842065,495.3377703,263.9756439,70.466333,64.61376953
12,1,1979,413.2826707,467.9404812,559.4138337,424.6218535,5523.838696,430.2265851,288.6099886,62.584516,66.48794556
1,1,1980,410.3643336,519.5691696,710.3484946,426.584319,6728.679027,444.2178288,420.240382,67.172258,80.25308228
2,1,1980,448.3428178,544.6104661,875.321509,476.4452617,9721.72678,486.8498712,753.9734473,87.062069,102.0873642
3,1,1980,457.3503399,520.7922856,1522.253097,516.6795913,9866.850954,482.7271193,1068.718276,85.595806,100.6466599
4,1,1980,1355.041003,1673.424981,3708.145684,1758.745944,19532.38556,1507.86531,4258.343689,79.645667,797.5096436
5,1,1980,4529.887933,5320.434074,8165.956544,5080.896537,59181.78484,4877.728301,5686.50519,499.771613,2062.238037
6,1,1980,7537.077308,8488.220816,7343.880513,5832.646565,70979.42721,7898.511906,7130.830151,1145.42,2647.953753
7,1,1980,2403.942258,2627.341935,4120.53682,3452.98988,25702.56,2473.196129,981.3900177,380.347419,653.121214
8,1,1980,767.4803101,839.1060737,1173.667864,1045.320363,5756.710287,789.6842892,275.2527872,139.065484,228.2039795
9,1,1980,470.492337,547.09004,902.5391985,790.1116987,6981.676757,494.237618,869.4747648,85.026,178.6570129
10,1,1980,451.0594422,591.1738237,887.1784087,675.4385935,6052.301784,494.4948958,283.5092693,71.049677,129.736452
11,1,1980,472.3857266,507.7391779,826.4387099,632.5977907,7721.454544,483.345306,397.9675797,79.5,98.500333
12,1,1980,445.2294554,504.2893372,804.7897744,559.2888126,6818.211838,463.5380242,382.0884185,78.233226,81.649032
1,1,1981,329.1237646,392.1962148,628.4496082,467.6809239,5441.338892,348.6762169,333.3975205,51.282903,64.699032
2,1,1981,338.6144353,447.2958091,652.2762978,474.2161414,4875.820175,382.0869875,253.7860511,48.129286,58.249286
3,1,1981,401.1593451,533.7945151,1068.859543,671.9847506,4963.702449,454.2134024,374.8531676,60.239677,73.277097
4,1,1981,696.9436045,973.5953551,1145.193553,731.0082623,6304.153255,829.7364508,1119.067285,160.453,288.216667
5,1,1981,1057.152312,1288.00224,1757.147169,1140.316421,11634.39869,1158.726296,1742.495995,226.726129,697.47
6,1,1981,1959.762119,2176.868113,4392.837433,3648.153925,23904.14729,2042.262408,2024.267997,334.534667,794.436
7,1,1981,937.680337,1098.987426,1769.031424,1549.364485,8875.314638,987.6855311,650.4090069,157.327742,481.25129
8,1,1981,568.0361633,701.2242699,644.2595292,625.6738377,3675.004689,609.3244819,301.1250891,82.174516,277.998387
9,1,1981,456.5523205,589.2634967,559.1220203,485.764978,5457.552845,497.6927857,654.3807516,93.78,260.043333
10,1,1981,437.6866405,572.0578993,580.4158512,563.8056487,8831.509872,479.3417325,941.4019933,85.402903,377.727419
11,1,1981,440.0467267,579.1310047,625.8997295,517.2913367,7340.888794,483.162847,598.3442952,80.982667,183.592
12,1,1981,361.7048264,503.4869963,475.8243566,492.1217045,5988.968934,405.6573047,293.1777881,72.414516,102.175484
1,1,1982,373.6110652,499.522775,549.7653661,500.5255371,5009.879367,412.6436925,106.8594107,80.746129,98.789677
2,1,1982,331.4687397,452.699481,874.368248,487.6323543,5510.790509,379.9610341,441.931548,68.747857,91.279643
3,1,1982,453.0540974,618.0326639,1125.88734,606.45688,9877.224288,519.04553,1452.70851,71.313871,121.52
4,1,1982,1019.856761,1353.151193,1978.056226,1281.430548,13722.0489,1179.838105,2587.441659,147.720667,307.978667
5,1,1982,3129.702341,3878.012088,5425.539743,3954.949699,36020.99596,3458.958635,4082.311114,400.097097,1008.945161
6,1,1982,5422.171186,6372.263033,7937.837252,6863.087246,51386.7328,5783.206045,3918.248112,828.012333,1455.788
7,1,1982,2676.41169,3007.479735,8908.863597,7870.353487,34503.69439,2779.042797,1505.406346,455.413548,578.54871
8,1,1982,1701.098473,1874.96937,3580.282872,3253.197779,18137.73335,1754.998486,1595.960085,218.310645,450.17871
9,1,1982,1339.276715,1561.659699,2212.730794,1649.731381,15030.63023,1408.215447,2268.089097,185.891,535.985333
10,1,1982,856.1654716,1117.566436,2693.635317,2103.148007,15619.2258,937.1998028,1158.152117,134.861935,314.213548
11,1,1982,616.1165223,731.3527289,1445.510719,1033.227702,12706.09866,651.8397607,769.2076497,104.459,172.179
12,1,1982,445.6110776,570.8192742,1000.095142,763.4131177,9882.506861,484.4255997,708.8786483,83.55,140.778387
1,1,1983,440.1777856,553.6345116,997.3847305,695.4553958,6252.841824,475.3493728,571.6185977,73.637742,97.849355
2,1,1983,428.5354824,544.4127886,937.1738225,631.5593264,8016.017442,474.8864062,778.9786748,70.513214,92.286429
3,1,1983,507.3006705,676.440871,2211.776047,1025.573605,14721.19799,574.9567444,1804.972314,82.447097,130.9
4,1,1983,713.3927806,1009.327049,3885.913356,1947.668955,16355.09513,855.4412359,2853.097921,80.409333,191.473333
5,1,1983,2731.062911,4051.14361,7193.21514,3842.221616,47374.25862,3311.898411,4573.984414,291.378387,950.982581
6,1,1983,7444.247346,9693.462374,16597.50591,8784.108616,112769.5272,8298.949007,6085.987972,917.675667,1886.393333
7,1,1983,3873.714622,4833.905478,8354.467276,5848.777307,68998.59139,4171.373793,2268.752802,539.933548,771.908387
8,1,1983,1852.516012,2344.002769,4000.369328,2606.773868,24585.30533,2004.876882,885.260156,258.702258,381.214839
9,1,1983,692.8719302,885.5669558,2763.495279,1745.244618,11390.81046,752.607399,217.8605673,128.481,187.422667
10,1,1983,559.2026156,699.6397001,2301.481891,1640.207847,13745.66553,602.7381305,987.7203753,124.985484,304.026452
11,1,1983,531.6883095,706.1007053,1877.736988,1176.685301,12346.7731,585.7561542,428.4598083,110.934333,124.123333
12,1,1983,566.7898756,736.6839973,1483.522211,869.7655361,10706.23939,619.4570585,499.0974594,115.445161,119.884516
1,1,1984,472.1171319,648.4643573,1373.193038,802.3577619,7698.537036,526.78477,478.2777803,88.42,100.781935
2,1,1984,379.3213128,535.118522,1315.214586,693.3061955,8993.506087,441.6401776,619.7968782,63.138621,92.64931
3,1,1984,383.1475714,693.982576,2268.69054,817.4110497,13164.82344,507.4815637,1647.097863,54.519355,120.892903
4,1,1984,1245.978109,1791.838222,4039.642789,1835.814498,23299.74117,1507.99097,2353.101978,96.707667,305.702333
5,1,1984,9257.109277,12518.41938,8762.063671,3961.060871,81215.11184,10692.08572,6187.229488,779.740645,1639.518387
6,1,1984,8863.536779,11138.78997,8940.7052,6165.774997,98530.4581,9728.133046,3155.987756,1207.968,1196.679333
7,1,1984,4265.151189,5292.390952,6026.655123,4723.555705,51446.04193,4583.595536,833.5394267,693.363871,580.217419
8,1,1984,2125.499913,2556.148012,3293.567734,2258.329682,25115.82221,2259.000838,941.1408672,331.311613,390.847097
9,1,1984,1079.983159,1285.718313,1985.045512,1382.92082,14948.08664,1143.761052,703.1579193,196.237667,328.444
10,1,1984,940.3491372,1171.658821,1938.826372,1509.1727,16979.05683,1012.05513,1416.572833,177.872903,377.047742
11,1,1984,702.5792118,815.3657506,1432.627351,1068.541775,14499.18393,737.5430261,839.9172953,123.016667,189.172333
12,1,1984,559.3768421,698.2612753,850.9814031,596.2090661,10216.65561,602.4310069,838.213882,100.295484,147.862258
1,1,1985,474.2142923,791.686947,990.3557102,643.7672287,9635.664639,572.6308008,543.1282181,88.891613,98.507097
2,1,1985,436.9172604,747.2831869,931.2045651,589.3506704,9092.221759,561.0636052,704.0158877,84.823929,97.143214
3,1,1985,645.9322826,1037.428342,1812.478854,776.2930652,17094.16922,802.5306808,3081.397132,98.452258,140.372903
4,1,1985,2306.046963,3190.634354,4788.667831,2691.136304,39470.64541,2730.648906,5973.190023,172.617667,688.004667
5,1,1985,5721.332515,7514.298112,5079.566169,3758.857004,64333.46311,6510.23743,6786.174789,660.03871,1576.845484
6,1,1985,6769.766595,8644.56018,3576.08361,2933.099496,64426.58411,7482.188177,7339.301424,977.547,2145.726333
7,1,1985,2421.231385,2848.056401,2026.162814,1789.99676,25421.25669,2553.54715,1870.69078,388.354194,715.934194
8,1,1985,1050.924811,1252.978486,802.1865585,938.2903677,11193.53932,1113.561464,694.8951418,167.016129,292.185484
9,1,1985,800.2843301,995.9134102,605.3065123,765.4427547,10239.09673,860.9293448,1402.215533,155.175333,428.706333
10,1,1985,885.0969489,1066.203818,1010.75809,875.5490794,13891.35071,941.2400813,1360.168693,149.683548,302.1851807
11,1,1985,677.5217242,841.6831183,854.3505573,777.019522,12331.32297,728.4117444,922.9309133,110.265333,164.0297241
12,1,1985,522.2315416,677.68571,824.1703686,743.7763874,10348.94791,570.4223404,757.4485434,108.257742,124.5006256
1,1,1986,501.6135845,648.9039609,638.3701861,617.3900384,9105.052219,547.2735922,526.1160771,94.710968,116.157402
2,1,1986,551.8719868,730.3456871,1700.204109,809.8164879,12347.39361,623.2614546,1033.696006,91.513929,149.1761017
3,1,1986,815.8463272,1052.455702,2613.40823,1605.606007,17131.4603,910.4900872,2150.763885,94.796774,491.3688049
4,1,1986,1992.275721,2379.793666,4441.279208,3021.904125,32470.35085,2178.284359,4211.928955,197.444667,1009.846619
5,1,1986,4307.191195,5192.629176,7078.30828,4678.607777,51580.1346,4696.783934,4759.317824,643.882581,1462.917236
6,1,1986,7051.621403,8074.16272,18359.69315,14379.57052,82187.17121,7440.187144,5769.960099,1231.954,1362.878662
7,1,1986,3754.09032,4332.531741,7031.810309,5850.662787,42400.06886,3933.407147,3185.563449,696.494194,463.6620178
8,1,1986,1431.623399,1670.259328,2721.38314,2210.682115,13556.42446,1505.600552,793.6952729,235.969355,343.9573669
9,1,1986,1033.916721,1312.35926,1576.004159,1242.99538,14164.42045,1120.233919,1294.970326,183.753667,460.2218933
10,1,1986,930.7290177,1222.497801,1770.819777,1184.334014,17798.75162,1021.177338,2265.929774,164.069677,485.660645
11,1,1986,825.4406109,1020.681109,1179.585711,1009.021636,17443.20856,885.9651895,2126.847054,123.292667,334.030333
12,1,1986,524.1323304,745.030926,610.7384676,614.2506735,12153.86674,592.610866,1004.167213,107.282903,168.947742
1,1,1987,456.7914715,652.7831216,605.4362052,526.5179355,8363.22308,517.5488745,681.9698127,69.834516,119.110323
2,1,1987,506.13984,711.8875516,800.0686229,599.9534961,10903.08797,588.4389308,1145.546399,70.069286,110.2975
3,1,1987,712.6433501,956.8950452,1570.554506,743.0447306,15101.16606,810.3440543,2392.680953,69.281613,145.944194
4,1,1987,1988.298471,2626.421224,4125.237639,2839.866195,25297.16463,2294.597401,5234.605766,199.06,575.015667
5,1,1987,4733.805172,5948.250516,5707.070914,4063.429771,50071.16328,5268.161124,5523.965088,625.33,1372.566774
6,1,1987,4785.841304,5604.031723,3765.653004,2946.596694,38850.79516,5096.753716,5998.740983,794.472,2271.283333
7,1,1987,1522.301365,1759.273351,2632.055711,2205.845343,14030.73284,1595.762693,1911.436315,271.301613,784.741613
8,1,1987,922.2726601,1110.206635,1691.999429,1387.23191,10455.56181,980.5321953,763.4504264,171.37,378.922258
9,1,1987,554.8332438,695.9542726,910.0298183,840.3840857,7100.492762,598.5807535,263.5930861,110.548667,193.821333
10,1,1987,501.9242279,623.442769,780.0222861,641.4484619,6791.240158,539.5949778,295.8489285,99.0627562,67.68676758
11,1,1987,478.4108602,643.995188,660.2768193,663.9461447,10360.54418,529.7420014,715.0735718,104.4625367,96.98137665
12,1,1987,401.2427732,533.6597987,511.1023526,487.1699494,6983.991664,442.2920591,327.1821826,71.4702493,65.01073456
1,1,1988,399.486516,527.1760984,435.3790407,415.5834306,5334.038745,439.0702806,310.2775333,75,77.80250549
2,1,1988,392.9622622,536.5197114,620.1575499,441.4298907,6884.38974,450.3852387,454.2675018,77.89375516,61.34348679
3,1,1988,519.4861381,701.5503221,1500.52836,643.2249223,10605.31307,592.3118107,1087.538711,74.99999975,148.2606812
4,1,1988,1025.68785,1453.374392,2213.286143,1207.412189,14821.9347,1230.977409,1884.187207,156.5480876,437.3815918
5,1,1988,1705.132371,2158.250929,3024.104679,1925.480267,21715.10627,1904.504563,2355.389038,287.7676495,630.9742432
6,1,1988,2784.842583,3316.688999,3115.662657,2450.500068,28804.53087,2986.944223,2161.192517,480.5796331,629.859436
7,1,1988,959.7554135,1169.992707,1026.600229,873.3718594,10348.51014,1024.92897,452.8967982,145.5980596,333.826416
8,1,1988,656.9337304,873.9093678,497.4980071,453.4640287,6061.525234,724.1961769,1166.43234,120.2524161,528.8022461
9,1,1988,448.9770401,600.1980801,376.4416054,344.2013197,6649.859501,495.8555774,734.1247477,99.44354,258.7139893
10,1,1988,417.1678109,640.6910915,328.7133303,364.6341394,5260.189929,486.4600271,288.0006081,74.6538364,136.1705475
11,1,1988,434.398712,569.4024833,318.0556378,464.2844023,6082.426156,476.2498843,294.6598142,97.65916363,126.4428024
12,1,1988,320.8403722,450.005176,362.1745805,357.2984535,5341.594476,360.8814554,255.5959753,35.29004334,93.39190674
1,1,1989,385.1401713,443.622168,416.6782271,372.2647981,5099.07757,403.2695895,280.7727624,44.98634345,70.13253021
2,1,1989,392.1656765,461.9386375,508.5632583,384.7770775,6122.878375,420.0748673,494.2573482,60.15996885,107.1953888
3,1,1989,687.7186714,853.3089329,1682.23945,799.6885619,12043.13911,753.9547764,2232.779801,67.46813239,341.5594482
4,1,1989,1639.319195,2069.904445,1625.532517,1138.748721,15253.07209,1846.00011,3025.801469,210.9332129,566.1710205
5,1,1989,2268.223466,2703.516333,1939.414572,1557.220046,17042.91762,2459.752339,2431.50395,416.9407528,941.7183228
6,1,1989,2449.146227,2736.311397,4037.507859,3598.808305,18805.35393,2558.269006,1364.431666,505.7713196,312.1669312
7,1,1989,974.0548369,1082.351114,2525.433686,2288.691814,7319.897629,1007.626686,220.7463747,210.1769323,304.3008728
8,1,1989,816.3529699,952.1532703,1161.541603,1058.210923,6465.912012,858.4510623,301.8850104,145.5621513,74.03011322
9,1,1989,306.5681662,435.5059311,877.6246167,681.0899613,3431.042453,346.5388705,167.0627333,87.71492386,158.1156769
10,1,1989,413.8427354,599.6297306,603.3301726,579.2081323,5000.186129,471.4367078,451.5844037,72.378387,146.359355
11,1,1989,350.2826295,445.2440277,808.5195003,635.2039377,6102.274333,379.7206644,167.4342471,65.813,65.964333
12,1,1989,279.8418379,363.6267293,464.2257227,477.9505958,4838.967097,305.8151528,113.1857558,50.63,43.272581
1,1,1990,298.8000027,374.5529815,493.4480973,426.7877581,4621.209677,322.2834262,145.3522541,58.966774,45.089677
2,1,1990,283.9202,376.5739055,636.3435702,438.3429707,3980.610714,320.9816854,197.7680719,56.984286,44.241071
3,1,1990,400.4788173,504.7041406,1232.450935,752.2328177,5845.565807,442.1689471,470.9269134,51.975161,68.25
4,1,1990,649.7743592,852.3995083,1764.259007,1394.688793,6911.749667,747.0344315,1359.892271,125.235,253.667
5,1,1990,1530.704897,1847.341625,1488.508641,1134.412093,11428.5971,1670.02506,2826.718167,257.275484,866.838065
6,1,1990,3042.552575,3543.993184,4299.742151,3735.928021,24485.469,3233.100006,2896.451351,652.574667,1229.699
7,1,1990,1111.035634,1303.965614,2752.890778,2430.206434,10698.41613,1170.843938,1014.739145,203.352903,389.070323
8,1,1990,630.4932274,785.6686977,997.4721396,1006.573608,4339.597419,678.5976346,532.1853821,90.43871,218.22871
9,1,1990,426.4402982,590.4603712,794.3667633,724.2250663,5278.314333,477.2865259,607.4120721,73.611667,287.074667
10,1,1990,651.5562654,825.2075309,585.4225157,653.1694155,7509.404194,705.3881671,957.4828137,102.78871,202.4858551
11,1,1990,613.9552653,684.7624186,802.7228523,710.9747903,6946.102,635.9054873,705.3918722,84.296,153.352356
12,1,1990,389.0076229,475.8708435,373.6865258,463.2311716,5428.517419,415.9352209,401.8189628,63.22871,98.07694244
1,1,1991,351.4098243,454.8792663,617.9363954,420.4427048,8140.404516,383.4853542,386.6696236,65.00129,66.41750336
2,1,1991,359.3650497,461.5952439,717.8549879,405.4357636,8927.610714,400.2571298,530.8611685,58.351786,123.4394989
3,1,1991,537.7584307,676.0915652,1071.40819,676.2503177,7426.20871,593.0916866,1021.779448,63.114839,136.0812683
4,1,1991,1203.218659,1447.654692,1597.163966,1172.25396,11424.887,1320.547961,2895.121077,123.584333,284.6497192
5,1,1991,3233.862794,4444.683928,3134.127955,2387.903107,22714.02194,3766.624111,3539.859348,413.097419,1169.675781
6,1,1991,3924.367647,5170.01998,8529.213228,6005.237475,39322.11933,4397.715577,2536.971606,697.853,483.7816467
7,1,1991,1566.848941,1954.094028,2357.479313,1961.052122,12083.2229,1686.894925,458.8360989,263.30129,120.6059189
8,1,1991,801.2953112,1116.210755,1569.019167,1146.511389,7260.807419,898.919107,603.1615222,125.851935,96.28756714
9,1,1991,495.4076148,823.4201498,1171.935578,955.2003073,8706.463,597.0914884,1389.725622,99.398333,194.219635
10,1,1991,317.1750274,522.8494365,811.7803035,688.8392223,5016.756774,380.9341002,173.2911131,63.496774,122.191613
11,1,1991,504.4021666,651.6555605,1327.252274,770.3718247,9076.283333,550.050722,574.6076589,70.310333,125.072333
12,1,1991,335.0656604,460.1194216,543.6653106,437.0937719,6081.636452,373.8323182,500.5157884,54.823226,106.503226
1,1,1992,285.4179733,387.925414,874.2188648,359.85382,5261.28,317.1952847,344.5157892,17.35,87.737419
2,1,1992,348.7479161,447.2748483,1013.707111,383.6583862,6986.027931,388.1586859,637.4993065,46.87931,87.015172
3,1,1992,465.3940757,598.8201911,1788.885845,1023.301541,8568.418387,518.7645229,1399.262792,57.423226,118.152258
4,1,1992,1112.281287,1498.988471,1210.022517,665.652934,13706.608,1297.900735,3195.130363,130.382667,482.317667
5,1,1992,2551.928102,3489.507244,2096.300804,1440.267673,24010.28871,2964.463042,4409.248204,402.660645,1181.586129
6,1,1992,2601.605,3317.002667,1300.209,1100.000547,21698.44,2873.456,3311.308333,393.161333,886.469333
7,1,1992,1419.924839,1718.984839,1127.101613,1092.15806,9822.024839,1512.633548,983.489355,241.806452,402.529355
8,1,1992,870.6141458,1100.505403,537.396625,570.2724174,5266.940968,941.8804299,841.4538394,92.193548,274.057097
9,1,1992,568.4103512,717.3919787,304.8521436,425.1878103,5074.407667,614.5946579,533.952449,116.530333,176.813333
10,1,1992,447.1664331,539.0821242,343.5831709,433.4701542,4463.196452,475.6603006,213.2873888,85.652581,113.2275162
11,1,1992,413.822522,574.7417485,610.7208903,480.3568737,7281.819667,463.7074803,301.5219981,23.592333,58.62765121
12,1,1992,360.5437684,456.7070157,328.0775558,409.2117397,4669.25,390.3543774,287.4028217,65.166129,79.43235016
1,1,1993,414.9816798,532.1334047,580.6607751,435.8137323,8171.848387,451.2987088,407.1023665,68.779355,122.6810303
2,1,1993,456.5901749,527.2509891,567.537377,351.2327982,7194.980714,484.85449,687.9289954,72.583571,419.6964111
3,1,1993,563.4423953,879.7729179,2131.181777,728.4896342,13088.30581,689.9746,2964.136711,77.558065,165.7225494
4,1,1993,1316.596304,1989.0149,1821.678203,1101.715746,19864.63833,1639.357213,4269.295133,257.139333,1002.63501
5,1,1993,5629.356452,7520.616452,5504.643565,3556.698451,56101.20419,6461.510968,6456.868408,493.018065,2870.122559
6,1,1993,6616.274248,8246.505891,6755.015704,5138.011229,64598.71567,7235.762278,5355.566325,1009.071333,1179.845825
7,1,1993,2728.558205,3167.296795,3226.997264,2718.854254,26001.63129,2864.567171,1172.147196,459.725806,295.5243835
8,1,1993,1178.338151,1386.7498,2923.804726,2845.034159,10458.83,1242.945772,1175.882939,188.79129,1172.320557
9,1,1993,770.8760449,1004.363115,974.7920888,766.4354667,8391.459333,843.2570359,1010.20421,170.075333,83.40367889
10,1,1993,642.8611515,840.1707402,1088.758904,790.5181858,8035.842258,704.0271274,447.3483189,97.230968,99.80873871
11,1,1993,476.8709978,613.6141781,649.5354131,534.863641,7755.564667,519.2613858,401.0036222,61.783333,83.56398773
12,1,1993,396.4310418,508.346701,611.0837339,436.1975503,6338.710323,431.12491,271.0721391,81.40871,80.34919739
1,1,1994,398.867158,476.574684,673.3592929,371.2825671,6262.47871,422.956291,220.1586417,80.010968,47.4777565
2,1,1994,405.1017969,502.963638,704.281953,344.1583914,6070.646429,444.2465357,435.1995495,83.640357,37.17817307
3,1,1994,600.6232405,731.2590274,1420.661185,799.6686529,10107.73194,652.8775556,1609.543315,77.226129,133.0968323
4,1,1994,1206.197282,1469.524347,1609.298999,1106.497054,10019.84667,1332.594258,2263.139292,158.786667,311.0282288
5,1,1994,3156.151709,3919.663014,3001.139317,2524.72879,24104.6871,3492.0967,4163.56226,434.398065,1973.93042
6,1,1994,3377.366975,4030.700045,1963.779333,1746.337797,24172.07733,3625.633523,3821.683384,617.82,343.0805054
7,1,1994,733.2840922,909.7288437,692.9305155,646.7618716,4061.364516,787.9819731,247.0006887,155.135484,116.7839127
8,1,1994,559.7970157,735.8020744,546.4613683,575.6263797,2748.425807,614.3585909,119.9107998,110.855484,91.63582611
9,1,1994,463.5308556,605.6960728,284.3620518,414.691136,4300.776667,507.6020675,716.939327,75.773333,295.5054016
10,1,1994,656.551124,726.465412,781.3954852,573.5931706,6748.306129,678.22432,666.2245897,124.284516,235.8266754
11,1,1994,485.257,585.140667,487.610126,490.334201,7039.005333,516.221,742.4247009,92.163,136.8811951
12,1,1994,442.723548,546.685484,482.4335906,428.6315445,5669.436774,474.952581,508.5065125,130.507742,71.63626862
1,1,1995,375.535161,474.302581,509.8462247,352.9352823,5345.262581,406.152903,383.2460947,92.177742,94.44844055
2,1,1995,436.628929,528.5875,1074.762956,480.3833704,6947.988214,473.412857,1071.005429,69.468929,119.5553894
3,1,1995,743.408387,877.669677,2039.967633,1168.51924,12905.13548,797.112581,3213.247874,51.471613,175.0764465
4,1,1995,905.265,1361.764,1532.375846,865.6911493,10849.51567,1124.384333,2232.169979,40.376333,420.4157104
5,1,1995,3170.115161,4427.514194,2754.368196,1377.033816,30316.23742,3723.370968,3748.965198,279.54,865.3731079
6,1,1995,9755.804333,12261.76433,10048.795,7160.841898,83874.20567,10708.06967,7482.110848,1451.094667,2474.270508
7,1,1995,6707.191935,8405.57,9135.534973,6865.631412,71688.56903,7233.689032,4030.956157,1238.022258,599.383667
8,1,1995,2293.647652,2688.175506,1989.44628,1641.031128,17065.47484,2415.951305,841.039851,442.471613,275.4443665
9,1,1995,1019.12151,1244.068176,1004.685931,825.905042,9305.282333,1088.854979,400.2073566,207.625333,296.3006592
10,1,1995,723.1615978,928.4779815,958.6943061,721.8172003,8946.833226,786.8096675,364.4559139,134.043871,44.35073471
11,1,1995,683.2810871,894.9113608,1102.573186,807.7418127,9258.738667,744.0973872,308.98131,130.797333,70.82344818
12,1,1995,497.0132641,638.2838305,773.9033991,484.5017345,7720.575484,540.8071447,231.5810271,90.624194,70.04594421
1,1,1996,482.5875682,577.050852,636.4288987,442.9453626,6282.22871,511.5794287,238.4751735,88.797097,105.5675049
2,1,1996,562.0660959,623.367934,1025.354983,509.5672121,8500.966207,586.5868314,439.3708859,85.020345,12.95531273
3,1,1996,640.5655772,794.483934,1524.463661,812.0274765,9170.300645,702.1329231,400.0771494,81.12129,83.116129
4,1,1996,1872.618159,2552.33817,2570.977386,1626.86583,16408.44333,2198.883783,927.033609,165.456667,386.1289368
5,1,1996,5787.754073,7189.503805,4638.362795,3188.210308,40211.13387,6404.523992,2003.632469,775.627097,298.6955566
6,1,1996,4532.122345,5511.340644,10042.2815,8392.077148,42717.659,4904.225319,457.9461582,856.189667,389.9017639
7,1,1996,1507.023437,1803.497269,4949.787144,4214.472291,20209.53452,1598.930353,231.4858719,324.079355,124.7099304
8,1,1996,608.6543001,758.5431938,1420.337195,1180.186283,5005.173871,655.1198718,-57.81698888,171.227097,96.3952713
9,1,1996,482.8895696,592.3460424,844.9925762,656.012771,5792.169667,514.8570853,409.4802925,121.821333,160.6191559
10,1,1996,709.9557741,852.6816049,775.3221045,688.551631,7907.235161,737.9965424,473.4623711,142.5290641,215.540968
11,1,1996,651.3503972,753.8346014,1082.395781,848.9619027,9445.625333,683.1204937,611.0084132,91.08839569,167.239667
12,1,1996,560.1080879,624.3253443,674.1311241,607.4496084,7660.80871,580.0154279,369.7514882,84.33681636,111.368387
1,1,1997,464.2610299,578.6574058,960.1583225,699.3723516,7726.570323,499.7239034,417.5147572,78.150952,112.209032
2,1,1997,421.2022475,558.3514393,934.313504,586.5556614,7823.425357,476.0619181,496.3661019,72.66193717,99.501429
3,1,1997,703.2652602,1018.255601,3855.445914,1339.174683,16905.74581,829.2613805,2289.691264,74.25307132,228.911935
4,1,1997,1744.029191,2280.751382,2787.402772,1652.746801,21278.90167,2001.655843,2307.490181,133.9182241,393.970667
5,1,1997,5521.558147,6876.500608,7801.795719,5804.290953,58559.07548,6117.732864,5104.131379,628.0533944,1495.949677
6,1,1997,7859.348147,9478.398422,13444.64716,10818.2921,84474.572,8474.587277,6006.774723,1191.876375,1959.943333
7,1,1997,2435.72714,2845.099312,3429.626928,3123.463763,25284.63129,2562.632516,1560.23064,441.9461719,799.851935
8,1,1997,1585.71731,1779.745728,2797.247121,2275.260269,17998.67161,1645.866364,1285.895735,259.3480313,631.053871
9,1,1997,1131.910637,1245.818056,1910.845645,1408.654896,17313.66833,1167.222005,1707.565324,182.1738584,635.853
10,1,1997,1100.428065,1132.997419,1499.254785,1139.508007,16149.12,1110.524516,1075.209374,148.074516,380.441613
11,1,1997,693.545667,833.956333,1275.566926,894.4058393,11925.96367,737.073,539.7695557,111.505667,166.383
12,1,1997,488.0916252,616.2164417,653.5822326,622.9474326,9453.333548,527.8103188,364.6585012,93.823226,113.569677
1,1,1998,482.275907,611.950004,950.339814,620.120041,8314.566129,522.474923,320.4078409,96.089032,96.562903
2,1,1998,470.6471527,584.2402073,971.0452424,630.4212229,8862.298571,516.0843778,364.9324292,87.916071,83.343929
3,1,1998,699.4964579,878.2356445,2258.171313,1007.919838,11282.55806,770.9921282,1249.629087,89.886774,140.245484
4,1,1998,1004.018224,1335.032102,2721.584869,1727.0223,20613.642,1162.904886,1897.516406,118.900333,249.908
5,1,1998,3076.899038,4155.952951,5267.052307,3365.851306,46900.67355,3551.682757,3964.213292,365.634839,1053.011935
6,1,1998,3244.201171,3928.921352,9085.445326,5730.301046,45443.557,3504.394835,2272.785262,453.888333,879.257333
7,1,1998,1998.807781,2265.058576,7027.185191,5311.181356,27575.13516,2081.345541,960.3228654,278.017097,487.235806
8,1,1998,1012.731413,1140.574273,2510.084565,1904.281474,12420.70935,1052.362702,489.3726776,120.711613,257.860645
9,1,1998,511.4072937,614.3003754,1285.708745,973.0736277,7819.754667,543.3041489,107.0590827,85.958667,247.410333
10,1,1998,685.20654,791.2230451,1378.715584,959.9513858,10450.87129,718.0716622,978.5770933,116.9241963,247.8078943
11,1,1998,612.6197418,725.6991292,1155.547316,894.751465,12552.51867,647.674354,1049.562736,87.12696253,230.8455294
12,1,1998,383.5064033,475.6160579,592.0310807,540.5462803,7844.896129,412.0603987,508.0729764,58.2852542,131.9531302
1,1,1999,414.9635738,500.5330958,853.1029752,582.1248761,7458.399677,441.4901281,336.9165359,69.24058976,94.56250972
2,1,1999,424.933124,498.002883,882.031941,592.8420582,7072.5725,454.160679,407.4702045,64.9193885,82.13140324
3,1,1999,734.6691619,857.5345124,1821.543483,1003.811612,8603.637419,783.8153056,653.5992264,87.37931528,119.4145695
4,1,1999,864.7326803,1084.340879,2704.818882,1626.650254,10171.81533,970.1446269,1623.16392,137.6785912,275.2007566
5,1,1999,2887.114179,3488.544922,7449.394311,4476.83303,32114.4729,3151.743633,3652.194422,397.2034912,1138.711329
6,1,1999,5078.0875,5826.128044,12901.10856,9550.8058,57487.85267,5362.34292,3806.449813,803.6534037,1532.586165
7,1,1999,2353.62524,2705.166027,5278.658573,4464.111677,29096.52677,2462.602874,1779.076046,376.7343957,820.5793418
8,1,1999,1832.55946,2162.926053,1919.589042,1520.491472,19368.14065,1934.973113,3499.446541,243.5806333,1014.013137
9,1,1999,1060.099898,1303.388743,1421.456478,1064.683131,14223.478,1135.519448,1759.561326,171.9929815,562.5915273
10,1,1999,632.2643374,848.2587694,950.1236257,816.3242029,8580.186774,699.222612,343.9776274,121.227097,179.243871
11,1,1999,481.3217239,566.6938761,924.4466461,770.5533427,8027.993667,507.78709,242.5263551,80.781333,89.135667
12,1,1999,419.5970902,513.2677947,562.3289608,550.0506997,6589.508387,448.6350103,161.3852129,73.697419,58.118065
1,1,2000,440.748831,530.8948984,680.8379123,519.6493858,6057.35,468.6941149,223.8530892,71.515161,57.661613
2,1,2000,451.0013096,566.1329188,918.9489809,586.1247914,6900.171035,497.0539477,258.217654,71.586552,58.996207
3,1,2000,624.9463024,685.8094443,1276.799856,810.7332074,7344.386774,649.2915541,638.7507098,69.589677,99.966129
4,1,2000,1601.95555,1993.076463,2075.304549,1518.808052,14091.90267,1789.693597,2047.638654,168.308667,391.922
5,1,2000,3702.719085,4546.497031,2903.997058,2536.754391,27687.15903,4073.981331,2348.338093,513.413871,1062.914839
6,1,2000,2172.978312,2574.072371,3177.817293,3011.251856,24513.334,2325.394084,484.6132443,403.798,468.525333
7,1,2000,852.76151,986.6245885,1187.904779,1195.658245,5975.155161,894.259047,-167.0561075,170.495484,161.885484
8,1,2000,588.0325529,727.5706767,602.3792282,646.2768723,2820.478065,631.2893775,48.15198018,124.112903,137.773871
9,1,2000,531.9033793,633.7542542,647.2157038,553.299692,4657.507667,563.4771482,125.3563389,102.689667,152.579
10,1,2000,452.243871,540.502258,780.806129,614.3386519,5813.790968,479.604194,195.205484,87.663548,167.371935
11,1,2000,463.367667,545.950333,550.871,529.6819077,6596.491,488.967667,352.883667,67.980667,130.638333
12,1,2000,394.636129,479.240968,449.224516,437.143399,5589.873871,420.864516,274.903548,61.821935,88.267419
1,1,2001,348.843871,434.145484,505.285484,403.1843332,4642.549032,375.286774,262.247097,63.653548,77.719677
2,1,2001,385.711429,476.255357,623.599643,425.7068889,5214.57,421.9275,380.0375,64.304643,78.93
3,1,2001,578.629355,660.435484,1778.931613,793.0625129,7799.299032,611.351935,1139.434194,65.58129,114.088065
4,1,2001,1014.674333,1292.819667,1647.947,881.8917557,11163.71267,1148.184,2646.356667,133.801,429.651333
5,1,2001,3657.52871,4409.159032,2964.046129,1741.130214,30311.59032,3988.246129,5647.754194,474.727419,1754.907742
6,1,2001,2600.715667,2971.874667,1690.796667,1225.378449,22934.57467,2741.756,3182.878333,395.524667,1203.288333
7,1,2001,1071.301935,1211.517419,950.088065,822.2376455,6935.033548,1114.768387,450.757742,151.329032,400.898065
8,1,2001,1118.208065,1276.577097,381.646774,446.5314535,6238.827419,1167.301935,723.929677,168.970645,398.743548
9,1,2001,496.701,589.065,292.358667,340.083857,3587.481333,525.334,79.876333,93.545667,151.741667
10,1,2001,438.028065,522.220968,271.619355,345.98195,3313.289355,464.127742,158.822258,77.971935,94.072903
11,1,2001,463.257,551.449,451.510333,453.682894,5596.286,490.596333,201.775333,70.463,82.580333
12,1,2001,376.234516,478.446129,293.26129,379.3823984,4484.717097,407.920323,208.752903,57.056452,77.253871
1,1,2002,351.269355,453.391935,346.640323,358.9462816,4265.942903,382.927419,190.596129,51.267742,61.250968
2,1,2002,300.798214,423.0575,375.019643,335.2229111,4101.861786,349.702143,180.413929,47.201071,46.074286
3,1,2002,482.013226,572.724839,754.766452,484.0398435,4777.48129,518.297742,249.152258,71.576774,49.23871
4,1,2002,898.725,1209.186,1183.688667,923.9968167,6342.532667,1047.747333,528.809333,155.154667,164.263
5,1,2002,864.019677,1052.08871,728.030645,744.7326497,5110.071613,946.770645,118.25871,215.947097,254.122581
6,1,2002,607.039667,724.966333,2621.685,2691.350039,6096.71,651.851333,-179.263,137.656,123.427333
7,1,2002,224.854516,345.314839,1058.607419,1130.060267,1170.876452,262.197742,61.224194,62.504516,58.933871
8,1,2002,155.919355,224.466774,239.504839,466.964041,233.7629032,177.16871,-51.606774,42.606452,54.828065
9,1,2002,214.052,318.895667,469.014667,480.8359113,4277.855333,246.552667,185.461667,48.722,166.757
10,1,2002,392.173871,461.722581,481.88129,514.7576829,4302.170645,413.733226,376.04129,61.227742,137.1062521
11,1,2002,382.561,445.708667,539.705,534.6441993,5817.803333,402.137667,331.527667,53.607667,94.11089122
12,1,2002,283.439355,339.481935,360.212581,420.9421694,4043.569677,300.811613,204.870645,42.210645,64.5594224
1,1,2003,296.8189497,357.295806,489.976129,414.5132248,3423.204194,306.569677,208.495161,3.0137642,52.07287561
2,1,2003,288.799286,381.671786,569.458929,435.8151475,4200.970714,325.9475,266.834286,44.9370239,56.39097568
3,1,2003,431.854194,549.092581,1273.213871,959.4437926,6617.579032,478.75,619.975806,53.34871,79.84042543
4,1,2003,698.939667,939.119333,1102.026,943.3868053,6943.26,814.226333,1022.271,122.730333,227.4407021
5,1,2003,2825.302581,3354.274194,1607.682581,1237.96812,18870.81129,3058.049355,2241.395806,467.691935,863.6338531
6,1,2003,2862.208,3295.753667,4100.662,3177.649346,33489.94033,3026.955,1025.992667,516.429333,505.257963
7,1,2003,703.999355,842.997097,1171.784839,1127.193757,5572.034839,747.089677,-162.592258,151.956774,152.176452
8,1,2003,537.043548,669.925806,541.256774,572.8615477,2343.428065,578.237419,42.896129,105.144194,176.709677
9,1,2003,759.274667,869.053,437.724667,528.158516,7487.839333,793.305667,758.591,129.161667,285.239333
10,1,2003,427.188065,517.816774,385.163548,435.96045,4648.269677,455.282258,224.5293548,80.012258,104.476452
11,1,2003,394.803333,488.653,475.507,449.4296393,5650.750667,423.894,399.126,73.712,102.872
12,1,2003,357.959677,445.329677,446.467742,457.7357923,4663.464839,385.044839,285.8364516,61.870645,80.484516
1,1,2004,338.06871,432.015161,435.661935,406.8927187,3887.943548,367.192903,282.3409677,63.36,83.479032
2,1,2004,336.631379,434.321034,567.642414,401.8908121,4370.104828,375.707586,417.412069,64.740345,77.795517
3,1,2004,746.47871,946.325806,1600.876452,940.0231571,8668.930968,826.417419,1770.907097,88.869677,258.247742
4,1,2004,1145.597,1479.304,1413.018333,1103.557406,13611.69633,1305.774667,2312.343667,127.038333,413.424667
5,1,2004,2498.663226,3154.521613,1235.684194,1086.756113,19132.27484,2787.24,3187.675484,379.285806,1187.312903
6,1,2004,2259.424,2622.257667,3161.791333,3051.577463,17685.147,2397.301,1884.709,387.697333,860.904667
7,1,2004,1053.376129,1102.030645,2956.118387,2735.92404,8166.563226,1068.457419,318.8796774,174.942258,323.210645
8,1,2004,458.125806,492.755806,978.196452,907.2296977,2669.764839,468.86129,-39.8254839,89.619677,152.266129
9,1,2004,371.333667,420.965667,775.205,688.3474767,5203.585333,386.693333,937.319,91.311333,382.189333
10,1,2004,463.251935,529.92,1110.812903,874.8962384,7764.123871,483.879032,859.3674194,84.879032,311.702903
11,1,2004,432,499.992667,1037.242667,828.2663363,9022.013667,453.078333,748.9436667,65.593667,210.265667
12,1,2004,341.454194,412.167742,602.373871,570.4942548,5595.689677,363.375161,484.3280645,62.877097,151.362903
1,1,2005,367.243871,461.514194,692.783226,579.6780571,8278.354839,396.464516,853.4396774,74.372903,158.16871
2,1,2005,355.841071,450.194286,705.276786,512.1767325,8776.885,393.581429,1301.118214,66.675,138.343571
3,1,2005,443.98871,545.720645,1991.573226,1049.530625,9477.552258,484.68129,1421.047419,57.454194,210.90871
4,1,2005,1051.652667,1259.686333,2647.866333,2097.771948,19047.99833,1151.509,4681.241667,121.510333,702.551667
5,1,2005,3177.247419,3772.606129,5624.289032,3822.288673,47156.49323,3439.205806,6966.030645,405.857097,1882.174839
6,1,2005,3876.551,4426.256333,7012.749,5413.63131,56941.00533,4085.439667,4655.579667,580.9,1695.564667
7,1,2005,1616.881613,1759.384516,3101.783226,2628.143413,23092.35161,1661.057742,1021.080968,248.954516,608.681935
8,1,2005,868.066774,964.626129,1135.189032,960.7129684,7692.099677,891.871935,428.2990323,145.10129,314.840645
9,1,2005,427.916667,525.251,597.741667,556.8567807,5460.932,458.092,396.185,112.859667,266.242
10,1,2005,688.209032,793.683871,769.112581,660.0739903,9645.074516,720.905806,1343.770968,123.618065,492.240645
11,1,2005,458.748333,532.186333,614.8,642.6705877,8469.217667,481.514667,398.2313333,82.294,165.189
12,1,2005,413.367742,497.795161,513.087419,505.9328139,5708.921613,439.539355,266.2267742,72.018387,97.659355
1,1,2006,405.005484,488.772258,662.133226,545.6421594,5683.258065,430.95129,230.0303226,76.578387,79.722581
2,1,2006,385.559286,471.897857,584.808214,499.38931,5751.639643,420.075714,206.93,62.748571,73.0225
3,1,2006,591.511935,666.201613,1049.728387,635.6032968,7167.953548,621.387419,444.9174194,63.806452,94.36129
4,1,2006,1743.013333,2165.908333,2258.441333,1646.198529,16941.804,1946.003,1674.128,168.157333,396.207
5,1,2006,3516.41871,4392.239355,4240.917742,3564.319261,32790.86226,3901.779355,2406.392903,447.369677,1006.926774
6,1,2006,2605.240667,3072.787667,4022.385667,3648.044545,27179.81867,2782.909,779.158,395.159333,463.926333
7,1,2006,1241.267419,1402.040645,1469.148387,1393.339339,9345.226774,1291.107742,493.8812903,192.015484,332.498065
8,1,2006,970.000645,1116.533548,519.91871,563.3423303,6859.615484,1015.425484,1011.965484,140.19,459.887742
9,1,2006,683.417667,792.367667,521.844333,483.5060203,6928.368667,717.191,873.2086667,126.298667,408.020333
10,1,2006,1023.567937,1228.526811,818.3478987,666.6904981,15940.22337,1094.797522,2497.248065,164.2952152,890.0959761
11,1,2006,622.5113337,773.577301,711.0757623,666.7835023,9528.2998,672.7523153,702.0846667,105.2499993,256.80794
12,1,2006,425.2158523,566.6782184,489.5359016,467.571849,6149.35082,468.8589816,439.2658065,79.4239248,146.78983
1,1,2007,341.4580929,469.3349252,535.7856171,429.2858245,5816.21644,393.0285887,349.916129,66.3803761,111.30127
2,1,2007,379.0207336,489.5579057,805.2364496,463.9639154,6803.5972,412.1032546,561.0021429,62.2328871,106.92968
3,1,2007,855.1451719,1085.139416,1947.529095,1015.243117,12796.87387,943.6056232,1849.087742,105.3954277,265.54096
4,1,2007,1128.320001,1405.961675,1223.680134,831.062348,14034.23862,1224.210712,1738.545667,134.410276,398.93827
5,1,2007,3077.823999,3699.660754,2683.93197,1768.18507,26487.69895,3290.896457,3635.583871,445.2826603,1128.84863
6,1,2007,2904.183627,3357.455534,1515.665776,1497.582018,22596.45826,2996.889484,2594.881,492.324444,1125.03516
7,1,2007,1148.587105,1304.692574,676.4951294,752.7380171,6562.73635,1164.78713,471.3741935,246.6630381,360.03789
8,1,2007,1043.678057,1198.146118,506.4028716,565.7251268,6666.3946,1058.415235,861.486129,166.6155897,424.79664
9,1,2007,637.1930837,783.9234567,383.717799,426.947476,5541.66767,663.5558853,421.637,131.98139,281.89236
10,1,2007,638.8436935,785.6142197,578.8059052,532.2533165,7610.01583,678.2493065,656.1877419,113.1797052,220.09457
11,1,2007,413.978006,539.4645183,546.1034833,543.205724,6738.0584,455.2872287,314.2843333,66.433335,113.5827
12,1,2007,432.6872526,573.9224774,337.3997313,443.2519306,6335.63535,479.3417177,741.1206452,80.8060484,134.93521
1,1,2008,392.4586132,555.2803794,385.6700461,396.5937748,4538.06105,456.3206761,429.183871,79.6426081,105.97554
2,1,2008,372.0488348,525.4083831,576.7215345,427.9716803,6956.70301,432.8201362,656.2010345,72.57888,87.41749
3,1,2008,496.1986042,660.2384874,929.7740868,525.2603145,9882.44302,546.014781,2301.301936,64.152151,198.4762
4,1,2008,1705.309261,2085.693202,1355.470372,896.004405,17168.20412,1825.214709,3748.620593,112.4026383,626.19364
5,1,2008,5173.394575,6310.786499,2853.864571,2143.097879,42660.36038,5579.862627,4750.160317,563.9177416,1279.57578
6,1,2008,6868.078671,8126.836136,4773.295196,3762.155737,59923.89511,7256.287287,4369.629009,1098.702778,1413.49331
7,1,2008,2791.904295,3105.300623,3055.85007,2811.600053,27793.79476,2888.88699,1086.507495,470.7434139,518.21549
8,1,2008,1144.068189,1225.05527,773.6336345,759.4520565,7953.164542,1152.697861,452.1019803,195.7135748,236.70135
9,1,2008,586.0582243,634.7983017,672.506685,597.3740353,6559.033356,589.3187973,495.203964,127.128612,181.11723
10,1,2008,537.2648197,590.7297429,738.7973919,702.5203819,6206.06297,541.0008432,456.604731,107.5858874,151.32224
11,1,2008,460.7935737,546.71699,782.2945203,692.6598893,7037.45294,487.1102793,345.4656243,81.1895827,88.537614
12,1,2008,447.9705668,527.8023581,277.6816965,479.9628742,5071.80048,476.2912174,315.5635632,84.9520161,78.1877426

